
<mujoco>
    <default class="ur10:arm">
        <geom contype='1' conaffinity='1' condim='4' rgba="0 0 0 0"/>
        <joint damping='100'/>
    </default>
    <default class="ur10:wrist">
        <geom contype='1' conaffinity='1' condim='4' rgba="0 0 0 0"/>
        <joint damping='75'/>
    </default>
    <default class="ur10:visual">
        <geom contype='0' conaffinity='0' density="0"/>
    </default>
  
    <default class="ur10:equality_constraint">
        <equality solimp="0.99 0.995 0.001" solref="0.006 1"/>
    </default>

    <default class="rg6:joint">
        <joint limited="true" damping="2" frictionloss="0.1"/>
    </default>

    <default class="rg6:contact">
        <geom contype="1" conaffinity="1" rgba="0.46 0.46 0.46 0" condim="4" friction="1 0.05 0.0001" solimp=".99 .99 .001" solref="0.001 1"/>
    </default>

    <default class="rg6:visual">
        <geom contype="0" conaffinity="0" type="mesh" rgba="0.4643137 0.4643137 0.4643137 1" mass="0.001"/>
        <default class="rg6:visual_2">
            <geom rgba="0.2227451 0.2227451 0.2227451 1"/>
        </default>
    </default>

    <default class="rg6:equality_constraint">
        <equality solimp="0.999 0.999 0.001" solref="0.01 1"/>
    </default>
</mujoco>
