<mujoco model="ur10_rg6">
  <compiler angle="radian"
            texturedir="textures/"
            meshdir="mesh/"/>

  <option  impratio="10" timestep="0.0002"/>

  <visual>
    <map znear="0.02" zfar="50"/>
  </visual>


  <default>
    <include file="ur10_rg6/ur10_rg6_default.xml"></include>
    <default class="env_body">
      <geom contype="1" conaffinity="1" condim="4" friction="1 0.05 0.0001" solimp=".99 .99 .001" solref="0.006 1"/>
    </default>

  </default>


  <asset>
    <!-- <mesh file="table/table.stl" name="table"/> -->
    <texture name="wood:tex"   file='wood3.png' type='2d'/>
    <texture name="coke:tex" type="cube" fileback="bottom.png" filefront='up.png' fileup='front.png' fileleft="left.png" filedown="back.png" fileright="right.png"/>
    <include file="ur10_rg6/ur10_rg6_asset.xml"></include>
    <mesh file="can/can.stl" name="can"/>
    <mesh file="cup/cup.stl" name="cup"/>
    <texture name="sky:tex"     type="skybox"   builtin="gradient" width="100" height="100" rgb1="1 1 1" rgb2="0.3 0.3 0.8" />
    <texture name="floor:tex"   type="2d"        builtin="checker" rgb1=".2 .3 .4" rgb2=".1 .2 .3" width="100" height="100" />
    <material name='floor:mat'      texture="floor:tex"  shininess="0.8" texrepeat="10 10" specular="0.7"  reflectance="0" />
    <material name="wood:mat"   texture="wood:tex"  texrepeat="1 1"  shininess="0.9" specular="0.75" reflectance="0"/>
    <material name="coke:mat" texture="coke:tex" texrepeat="1 1"/>
  </asset>

  <worldbody>
    <camera name="cam0" pos="0.0 1.1 1.6" quat="0.0 0.0 -0.216 -0.976" fovy="60.0"/>
    <camera name="cam1" pos="0.35 0.75 1.6" quat="0.690 0.153 0.153 0.690" fovy="60.0"/>
    <camera name="cam2" pos="-0.35 0.75 1.6" quat="0.690 0.153 -0.153 -0.690" fovy="60.0"/>
    <light name="light3" mode="targetbody" target="bench" directional="true" pos="1 1 3" castshadow='false'/>
    <geom name='floor' material="floor:mat" pos='0 0 0' size='2.5 2.5 0.1'  type='plane' />
    <!-- <geom mesh="table" name="table" type="mesh" material="wood:mat" pos='1.8 0.3 -0.1118' quat="1 0 0 0" class="env_body" condim = "4" /> -->
    <geom type="box"  size="0.4 0.8 0.38"    pos="0.9 0 0.38" material="wood:mat" class="env_body" condim = "4"/>
    <include file="ur10_rg6/ur10_rg6_body_with_can.xml"></include>
    <!-- <body name='coordinate'>
      <site  pos='1 0 0' rgba='1 0 0 1' type='sphere' size='0.1'  ></site>
      <site  pos='0 1 0' rgba='0 1 0 1' type='sphere' size='0.1'  ></site>
      <site  pos='0 0 1' rgba='0 0 1 1' type='sphere' size='0.1'  ></site>
      <site  pos='0 0 0' rgba='1 1 1 1' type='sphere' size='0.1'  ></site>
      <site  pos='0.6  0 0.8' rgba='0 0 0 1' type='sphere' size='0.01'  ></site>
      <site  pos='0.75 0 0.8' rgba='0 0 0 1' type='sphere' size='0.01'  ></site>
      <site  pos='0.9  0 0.8' rgba='0 0 0 1' type='sphere' size='0.01'  ></site>
      <site  pos='0.6 0 0.95' rgba='0 0 0 1' type='sphere' size='0.01'  ></site>
      <site  pos='0.75 0 0.95' rgba='1 0 0 1' type='sphere' size='0.01'  ></site>
      <site  pos='0.9 0 0.95' rgba='0 0 0 1' type='sphere' size='0.01'  ></site>
      <site  pos='0.6 0 1.1' rgba='0 0 0 1' type='sphere' size='0.01'  ></site>
      <site  pos='0.75 0 1.1' rgba='0 0 0 1' type='sphere' size='0.01'  ></site>
      <site  pos='0.9 0 1.1' rgba='0 0 0 1' type='sphere' size='0.01'  ></site>

      <site  pos='0.6 0.2  0.8' rgba='1 0 0 1' type='sphere' size='0.01'  ></site>
      <site  pos='0.75 0.2  0.8' rgba='0 0 0 1' type='sphere' size='0.01'  ></site>
      <site  pos='0.9 0.2  0.8' rgba='1 0 0 1' type='sphere' size='0.01'  ></site>
      <site  pos='0.6 0.2  0.95' rgba='0 0 0 1' type='sphere' size='0.01'  ></site>
      <site  pos='0.75 0.2  0.95' rgba='0 0 0 1' type='sphere' size='0.01'  ></site>
      <site  pos='0.9 0.2 0.95' rgba='0 0 0 1' type='sphere' size='0.01'  ></site>
      <site  pos='0.6 0.2  1.1' rgba='1 0 0 1' type='sphere' size='0.01'  ></site>
      <site  pos='0.75 0.2  1.1' rgba='0 0 0 1' type='sphere' size='0.01'  ></site>
      <site  pos='0.9 0.2 1.1' rgba='1 0 0 1' type='sphere' size='0.01'  ></site>

      <site  pos='0.6 -0.2  0.8' rgba='1 0 0 1' type='sphere' size='0.01'  ></site>
      <site  pos='0.75 -0.2 0.8' rgba='0 0 0 1' type='sphere' size='0.01'  ></site>
      <site  pos='0.9 -0.2 0.8' rgba='1 0 0 1' type='sphere' size='0.01'  ></site>
      <site  pos='0.6 -0.2  0.95' rgba='0 0 0 1' type='sphere' size='0.01'  ></site>
      <site  pos='0.75 -0.2  0.95' rgba='0 0 0 1' type='sphere' size='0.01'  ></site>
      <site  pos='0.9 -0.2  0.95' rgba='0 0 0 1' type='sphere' size='0.01'  ></site>
      <site  pos='0.6 -0.2  1.1' rgba='1 0 0 1' type='sphere' size='0.01'  ></site>
      <site  pos='0.75 -0.2  1.1' rgba='0 0 0 1' type='sphere' size='0.01'  ></site>
      <site  pos='0.9 -0.2  1.1' rgba='1 0 0 1' type='sphere' size='0.01'  ></site>
    </body>
   -->
    <!--         <site pos="1 0 0" rgba="1 0 0 1" size=".1 .1 .1" type="box"/>
         <site pos="0 1 0" rgba="0 1 0 1" size=".1 .1 .1" type="box"/>
         <site pos="0 0 1" rgba="0 0 1 1" size=".1 .1 .1" type="box"/> -->

    <!-- <site name="target_site" pos="-1 0 0.9" size="0.02 0.02 0.02" rgba="0 0 1 1" type="sphere"></site> -->

    <body name="target" pos="0.85 0.0 0.84 " >
      <geom mesh="cup" name="cup" type="mesh" contype='0' conaffinity='0' density="0" rgba="1 1 1 1"/>
      <geom type="cylinder" pos="0 -0.018 0" size="0.047 0.05" rgba="0.7 0.7 0.7 0" />

      <body name="target_point" pos="-0.08 0 0.12" quat="0 -1 0 0" >
        <site  pos='0.1 0 0' rgba='1 0 0 0' type='sphere' size='0.01'  ></site>
        <site  pos='0 0.1 0' rgba='0 1 0 0' type='sphere' size='0.01'  ></site>
        <site  pos='0 0  0.1' rgba='0 0 1 0' type='sphere' size='0.01'  ></site>
        <site  size="0.01 0.01 0.01" rgba="1 1 1 0" type="sphere"></site>
    </body>


      <!-- <site name="target_site" pos="-0.08 0 0.12" quat="0 -1 0 0" size="0.01 0.01 0.01" rgba="0 0 1 1" type="sphere"></site> -->

    </body>

    <!-- <site name="gripper_site" pos="7.99738305e-01 -4.23387596e-02 7.95015658e-01" size="0.02 0.02 0.02" rgba="1 0 0 1" type="sphere"></site>

<site name="object_site" pos="0.783528055 -0.0349699258 0.803405112," size="0.02 0.02 0.02" rgba="0 1 0 1" type="sphere"></site> -->

<!--     <body name="object" pos="-0.25 0.5 0.6 " >
      <joint name="object:joint" type="free" damping="0.01" />
      <geom  type="box" size=".025 .025 .025"  rgba="0.9 0.2 0.2 1" class="env_body" density="100"/>
    </body> -->
    <!-- <include file="holder/holder_body.xml"></include>-->
  </worldbody>
  <include file="ur10_rg6/ur10_rg6_others.xml"></include>

</mujoco>
